{"latest_ts": 1687517112.4557827, "release_ts": 1673644810.122808, "release_version": "1.3.5"}
